Workbook

Sheet Dashboard
A1: QDD Actuator — Project Dashboard
A3: Requirements Summary
A4: Total Requirements | B4: =COUNTA(Requirements!A2:A100) -> 13
A5: Verified | B5: =COUNTIF(Requirements!I2:I100,"Verified") -> 0
A6: Failed | B6: =COUNTIF(Requirements!I2:I100,"Failed") -> 2
A7: Partial | B7: =COUNTIF(Requirements!I2:I100,"Partial") -> 1
A8: Pending Review | B8: =COUNTIF(Requirements!I2:I100,"Pending Review") -> 2
A9: Not Verified | B9: =COUNTIF(Requirements!I2:I100,"Not Verified") -> 8
A10: % Verified | B10: =IF(B4>0,B5/B4,0) -> 0
A12: Test Campaign Summary
A13: Total Tests | B13: =COUNTA('Test Log'!A2:A100) -> 19
A14: Complete | B14: =COUNTIF('Test Log'!H2:H100,"Complete") -> 5
A15: In Progress | B15: =COUNTIF('Test Log'!H2:H100,"In Progress") -> 0
A16: Not Started | B16: =COUNTIF('Test Log'!H2:H100,"Not Started") -> 14
A17: Pass | B17: =COUNTIF('Test Log'!L2:L100,"Pass") -> 1
A18: Fail | B18: =COUNTIF('Test Log'!L2:L100,"Fail") -> 2
A19: % Complete | B19: =IF(B13>0,B14/B13,0) -> 0.26315789
A20: Test Level Breakdown | B20: Total | C20: Complete
A21: Component | B21: =COUNTIF('Test Log'!D2:D100,"Component") -> 5 | C21: =COUNTIFS('Test Log'!D2:D100,"Component",'Test Log'!H2:H100,"Complete") -> 1
A22: Interface | B22: =COUNTIF('Test Log'!D2:D100,"Interface") -> 4 | C22: =COUNTIFS('Test Log'!D2:D100,"Interface",'Test Log'!H2:H100,"Complete") -> 4
A23: Subsystem | B23: =COUNTIF('Test Log'!D2:D100,"Subsystem") -> 0 | C23: =COUNTIFS('Test Log'!D2:D100,"Subsystem",'Test Log'!H2:H100,"Complete") -> 0
A24: System | B24: =COUNTIF('Test Log'!D2:D100,"System") -> 10 | C24: =COUNTIFS('Test Log'!D2:D100,"System",'Test Log'!H2:H100,"Complete") -> 0
A25: % Complete by Level | B25: =IF(B24>0,C24/B24,0) -> 0 | C25: =IF(SUM(B21:B24)>0,SUM(C21:C24)/SUM(B21:B24),0) -> 0.26315789
A29: Traceability Coverage
A30: Covered (Primary Test) | B30: =COUNTIF('Traceability Matrix'!V4:V16,"Covered") -> 2
A31: Partial (Secondary Only) | B31: =COUNTIF('Traceability Matrix'!V4:V16,"Partial") -> 4
A32: Via Inspection/Demo/Analysis | B32: =COUNTIFS('Traceability Matrix'!V4:V16,"Via*") -> 5
A33: Gap (No Coverage) | B33: =COUNTIF('Traceability Matrix'!V4:V16,"Gap") -> 2
A34: Gap Req IDs | B34: {=_xlfn.TEXTJOIN(", ",TRUE,IF('Traceability Matrix'!V4:V16="Gap",'Traceability Matrix'!A4:A16,""))} -> R-07, R-08
A36: Unknowns Register
A37: Total Unknowns | B37: =COUNTA('Unknowns Register'!A2:A100) -> 10
A38: Resolved | B38: =COUNTIF('Unknowns Register'!E2:E100,"Resolved") -> 1
A39: Open (excl. Merged) | B39: =B37-B38-COUNTIF('Unknowns Register'!E2:E100,"Merged") -> 8
A40: % Resolved | B40: =IF(B37-COUNTIF('Unknowns Register'!E2:E100,"Merged")>0,B38/(B37-COUNTIF('Unknowns Register'!E2:E100,"Merged")),0) -> 0.11111111

Sheet Requirements
A1: Req ID | B1: Requirement | C1: Description | D1: Target Value | E1: Type | F1: Priority Rank | G1: Verification Method | H1: Verification Level | I1: Status | J1: Verified By | K1: Notes
A2: R-01 | B2: Backlash | C2: Angular backlash at output shaft | D2: ≤ 0.5° | E2: Hard | F2: 1 | G2: Test | H2: System | I2: {=IF(G2<>"Test",IF(J2<>"","Pending Review","Not Verified"),IF(J2="","Not Verified",IF(SUMPRODUCT(ISNUMBER(SEARCH(A2,'Test Log'!E$2:E$20))*1)=0,"Not Verified",IF(SUMPRODUCT((ISNUMBER(SEARCH(A2,'Test Log'!E$2:E$20)))*('Test Log'!L$2:L$20="Fail"))>0,"Failed",IF(AND(SUMPRODUCT((ISNUMBER(SEARCH(A2,'Test Log'!E$2:E$20)))*('Test Log'!L$2:L$20="Pass"))>0,SUMPRODUCT((ISNUMBER(SEARCH(A2,'Test Log'!E$2:E$20)))*('Test Log'!L$2:L$20="Pass"))=SUMPRODUCT(ISNUMBER(SEARCH(A2,'Test Log'!E$2:E$20))*1)),"Verified",IF(SUMPRODUCT((ISNUMBER(SEARCH(A2,'Test Log'!E$2:E$20)))*('Test Log'!H$2:H$20="Complete"))>0,"Partial","Not Verified"))))))} -> Partial | J2: T-012 | K2: Primary QDD metric. Measured with dial indicator.
A3: R-02 | B3: Cost | C3: Total BOM cost under budget | D3: < $120 CAD | E3: Hard | F3: 2 | G3: Inspection | H3: Component | I3: {=IF(G3<>"Test",IF(J3<>"","Pending Review","Not Verified"),IF(J3="","Not Verified",IF(SUMPRODUCT(ISNUMBER(SEARCH(A3,'Test Log'!E$2:E$20))*1)=0,"Not Verified",IF(SUMPRODUCT((ISNUMBER(SEARCH(A3,'Test Log'!E$2:E$20)))*('Test Log'!L$2:L$20="Fail"))>0,"Failed",IF(AND(SUMPRODUCT((ISNUMBER(SEARCH(A3,'Test Log'!E$2:E$20)))*('Test Log'!L$2:L$20="Pass"))>0,SUMPRODUCT((ISNUMBER(SEARCH(A3,'Test Log'!E$2:E$20)))*('Test Log'!L$2:L$20="Pass"))=SUMPRODUCT(ISNUMBER(SEARCH(A3,'Test Log'!E$2:E$20))*1)),"Verified",IF(SUMPRODUCT((ISNUMBER(SEARCH(A3,'Test Log'!E$2:E$20)))*('Test Log'!H$2:H$20="Complete"))>0,"Partial","Not Verified"))))))} -> Pending Review | J3: BOM inspection | K3: Sum of purchased + printed parts cost
A4: R-03 | B4: DFM/DFA | C4: All off-the-shelf + 3D printed parts; assemblable without complex tools | D4: Off-the-shelf + FDM, no special tools | E4: Hard | F4: 3 | G4: Inspection | H4: Component | I4: {=IF(G4<>"Test",IF(J4<>"","Pending Review","Not Verified"),IF(J4="","Not Verified",IF(SUMPRODUCT(ISNUMBER(SEARCH(A4,'Test Log'!E$2:E$20))*1)=0,"Not Verified",IF(SUMPRODUCT((ISNUMBER(SEARCH(A4,'Test Log'!E$2:E$20)))*('Test Log'!L$2:L$20="Fail"))>0,"Failed",IF(AND(SUMPRODUCT((ISNUMBER(SEARCH(A4,'Test Log'!E$2:E$20)))*('Test Log'!L$2:L$20="Pass"))>0,SUMPRODUCT((ISNUMBER(SEARCH(A4,'Test Log'!E$2:E$20)))*('Test Log'!L$2:L$20="Pass"))=SUMPRODUCT(ISNUMBER(SEARCH(A4,'Test Log'!E$2:E$20))*1)),"Verified",IF(SUMPRODUCT((ISNUMBER(SEARCH(A4,'Test Log'!E$2:E$20)))*('Test Log'!H$2:H$20="Complete"))>0,"Partial","Not Verified"))))))} -> Pending Review | J4: Design review | K4: Assembly with basic hex keys only
A5: R-04 | B5: Backdrivability | C5: Friction torque with motor disconnected | D5: < 1 Nm friction torque | E5: Hard | F5: 4 | G5: Test | H5: System | I5: {=IF(G5<>"Test",IF(J5<>"","Pending Review","Not Verified"),IF(J5="","Not Verified",IF(SUMPRODUCT(ISNUMBER(SEARCH(A5,'Test Log'!E$2:E$20))*1)=0,"Not Verified",IF(SUMPRODUCT((ISNUMBER(SEARCH(A5,'Test Log'!E$2:E$20)))*('Test Log'!L$2:L$20="Fail"))>0,"Failed",IF(AND(SUMPRODUCT((ISNUMBER(SEARCH(A5,'Test Log'!E$2:E$20)))*('Test Log'!L$2:L$20="Pass"))>0,SUMPRODUCT((ISNUMBER(SEARCH(A5,'Test Log'!E$2:E$20)))*('Test Log'!L$2:L$20="Pass"))=SUMPRODUCT(ISNUMBER(SEARCH(A5,'Test Log'!E$2:E$20))*1)),"Verified",IF(SUMPRODUCT((ISNUMBER(SEARCH(A5,'Test Log'!E$2:E$20)))*('Test Log'!H$2:H$20="Complete"))>0,"Partial","Not Verified"))))))} -> Failed | J5: T-013, T-008, T-006 | K5: Changed from vague 'backdriveable under human impulse' to measurable spec (Mar 11). Industry standard for QDD.
A6: R-05 | B6: Durability | C6: Should not break itself in under 1 minute | D6: No self-destruction in < 1 min | E6: Hard | F6: 5 | G6: Test | H6: System | I6: {=IF(G6<>"Test",IF(J6<>"","Pending Review","Not Verified"),IF(J6="","Not Verified",IF(SUMPRODUCT(ISNUMBER(SEARCH(A6,'Test Log'!E$2:E$20))*1)=0,"Not Verified",IF(SUMPRODUCT((ISNUMBER(SEARCH(A6,'Test Log'!E$2:E$20)))*('Test Log'!L$2:L$20="Fail"))>0,"Failed",IF(AND(SUMPRODUCT((ISNUMBER(SEARCH(A6,'Test Log'!E$2:E$20)))*('Test Log'!L$2:L$20="Pass"))>0,SUMPRODUCT((ISNUMBER(SEARCH(A6,'Test Log'!E$2:E$20)))*('Test Log'!L$2:L$20="Pass"))=SUMPRODUCT(ISNUMBER(SEARCH(A6,'Test Log'!E$2:E$20))*1)),"Verified",IF(SUMPRODUCT((ISNUMBER(SEARCH(A6,'Test Log'!E$2:E$20)))*('Test Log'!H$2:H$20="Complete"))>0,"Partial","Not Verified"))))))} -> Not Verified | K6: Phase 5 only. Combination of software + hardware limits.
A7: R-06 | B7: Peak Torque | C7: Peak torque output at gearbox output shaft | D7: ≥ 16 Nm | E7: Hard | F7: 6 | G7: Test | H7: System | I7: {=IF(G7<>"Test",IF(J7<>"","Pending Review","Not Verified"),IF(J7="","Not Verified",IF(SUMPRODUCT(ISNUMBER(SEARCH(A7,'Test Log'!E$2:E$20))*1)=0,"Not Verified",IF(SUMPRODUCT((ISNUMBER(SEARCH(A7,'Test Log'!E$2:E$20)))*('Test Log'!L$2:L$20="Fail"))>0,"Failed",IF(AND(SUMPRODUCT((ISNUMBER(SEARCH(A7,'Test Log'!E$2:E$20)))*('Test Log'!L$2:L$20="Pass"))>0,SUMPRODUCT((ISNUMBER(SEARCH(A7,'Test Log'!E$2:E$20)))*('Test Log'!L$2:L$20="Pass"))=SUMPRODUCT(ISNUMBER(SEARCH(A7,'Test Log'!E$2:E$20))*1)),"Verified",IF(SUMPRODUCT((ISNUMBER(SEARCH(A7,'Test Log'!E$2:E$20)))*('Test Log'!H$2:H$20="Complete"))>0,"Partial","Not Verified"))))))} -> Not Verified | K7: Phase 5 only. Needs load cell or heavy weights.
A8: R-07 | B8: Continuous Torque | C8: Sustained torque output capacity | D8: ≥ 12 Nm | E8: Hard | F8: 7 | G8: Test | H8: System | I8: {=IF(G8<>"Test",IF(J8<>"","Pending Review","Not Verified"),IF(J8="","Not Verified",IF(SUMPRODUCT(ISNUMBER(SEARCH(A8,'Test Log'!E$2:E$20))*1)=0,"Not Verified",IF(SUMPRODUCT((ISNUMBER(SEARCH(A8,'Test Log'!E$2:E$20)))*('Test Log'!L$2:L$20="Fail"))>0,"Failed",IF(AND(SUMPRODUCT((ISNUMBER(SEARCH(A8,'Test Log'!E$2:E$20)))*('Test Log'!L$2:L$20="Pass"))>0,SUMPRODUCT((ISNUMBER(SEARCH(A8,'Test Log'!E$2:E$20)))*('Test Log'!L$2:L$20="Pass"))=SUMPRODUCT(ISNUMBER(SEARCH(A8,'Test Log'!E$2:E$20))*1)),"Verified",IF(SUMPRODUCT((ISNUMBER(SEARCH(A8,'Test Log'!E$2:E$20)))*('Test Log'!H$2:H$20="Complete"))>0,"Partial","Not Verified"))))))} -> Not Verified | K8: Phase 5 only. Needs thermal steady-state test.
A9: R-08 | B9: Thermal Performance | C9: Housing should not overheat under sustained use | D9: No melting in < 5 min | E9: Hard | F9: 8 | G9: Test | H9: System | I9: {=IF(G9<>"Test",IF(J9<>"","Pending Review","Not Verified"),IF(J9="","Not Verified",IF(SUMPRODUCT(ISNUMBER(SEARCH(A9,'Test Log'!E$2:E$20))*1)=0,"Not Verified",IF(SUMPRODUCT((ISNUMBER(SEARCH(A9,'Test Log'!E$2:E$20)))*('Test Log'!L$2:L$20="Fail"))>0,"Failed",IF(AND(SUMPRODUCT((ISNUMBER(SEARCH(A9,'Test Log'!E$2:E$20)))*('Test Log'!L$2:L$20="Pass"))>0,SUMPRODUCT((ISNUMBER(SEARCH(A9,'Test Log'!E$2:E$20)))*('Test Log'!L$2:L$20="Pass"))=SUMPRODUCT(ISNUMBER(SEARCH(A9,'Test Log'!E$2:E$20))*1)),"Verified",IF(SUMPRODUCT((ISNUMBER(SEARCH(A9,'Test Log'!E$2:E$20)))*('Test Log'!H$2:H$20="Complete"))>0,"Partial","Not Verified"))))))} -> Not Verified | K9: Phase 5 only. PLA Tg ~60°C. Health monitoring tracks informally.
A10: R-09 | B10: Efficiency | C10: Power transmission efficiency through gearbox | D10: > 90% | E10: Soft | F10: 9 | G10: Test | H10: System | I10: {=IF(G10<>"Test",IF(J10<>"","Pending Review","Not Verified"),IF(J10="","Not Verified",IF(SUMPRODUCT(ISNUMBER(SEARCH(A10,'Test Log'!E$2:E$20))*1)=0,"Not Verified",IF(SUMPRODUCT((ISNUMBER(SEARCH(A10,'Test Log'!E$2:E$20)))*('Test Log'!L$2:L$20="Fail"))>0,"Failed",IF(AND(SUMPRODUCT((ISNUMBER(SEARCH(A10,'Test Log'!E$2:E$20)))*('Test Log'!L$2:L$20="Pass"))>0,SUMPRODUCT((ISNUMBER(SEARCH(A10,'Test Log'!E$2:E$20)))*('Test Log'!L$2:L$20="Pass"))=SUMPRODUCT(ISNUMBER(SEARCH(A10,'Test Log'!E$2:E$20))*1)),"Verified",IF(SUMPRODUCT((ISNUMBER(SEARCH(A10,'Test Log'!E$2:E$20)))*('Test Log'!H$2:H$20="Complete"))>0,"Partial","Not Verified"))))))} -> Failed | J10: T-006 (related) | K10: Phase 5 only. T-006 measures friction but not output power directly.
A11: R-10 | B11: Weight | C11: Total assembly mass | D11: < 2 kg | E11: Soft | F11: 10 | G11: Inspection | H11: Component | I11: {=IF(G11<>"Test",IF(J11<>"","Pending Review","Not Verified"),IF(J11="","Not Verified",IF(SUMPRODUCT(ISNUMBER(SEARCH(A11,'Test Log'!E$2:E$20))*1)=0,"Not Verified",IF(SUMPRODUCT((ISNUMBER(SEARCH(A11,'Test Log'!E$2:E$20)))*('Test Log'!L$2:L$20="Fail"))>0,"Failed",IF(AND(SUMPRODUCT((ISNUMBER(SEARCH(A11,'Test Log'!E$2:E$20)))*('Test Log'!L$2:L$20="Pass"))>0,SUMPRODUCT((ISNUMBER(SEARCH(A11,'Test Log'!E$2:E$20)))*('Test Log'!L$2:L$20="Pass"))=SUMPRODUCT(ISNUMBER(SEARCH(A11,'Test Log'!E$2:E$20))*1)),"Verified",IF(SUMPRODUCT((ISNUMBER(SEARCH(A11,'Test Log'!E$2:E$20)))*('Test Log'!H$2:H$20="Complete"))>0,"Partial","Not Verified"))))))} -> Not Verified | K11: Trivial — kitchen scale measurement. Add as 1-min check in Phase 1.
A12: R-11 | B12: Speed | C12: Maximum continuous output RPM | D12: ≥ 600 RPM continuous | E12: Soft | F12: 11 | G12: Test | H12: System | I12: {=IF(G12<>"Test",IF(J12<>"","Pending Review","Not Verified"),IF(J12="","Not Verified",IF(SUMPRODUCT(ISNUMBER(SEARCH(A12,'Test Log'!E$2:E$20))*1)=0,"Not Verified",IF(SUMPRODUCT((ISNUMBER(SEARCH(A12,'Test Log'!E$2:E$20)))*('Test Log'!L$2:L$20="Fail"))>0,"Failed",IF(AND(SUMPRODUCT((ISNUMBER(SEARCH(A12,'Test Log'!E$2:E$20)))*('Test Log'!L$2:L$20="Pass"))>0,SUMPRODUCT((ISNUMBER(SEARCH(A12,'Test Log'!E$2:E$20)))*('Test Log'!L$2:L$20="Pass"))=SUMPRODUCT(ISNUMBER(SEARCH(A12,'Test Log'!E$2:E$20))*1)),"Verified",IF(SUMPRODUCT((ISNUMBER(SEARCH(A12,'Test Log'!E$2:E$20)))*('Test Log'!H$2:H$20="Complete"))>0,"Partial","Not Verified"))))))} -> Not Verified | J12: T-016 (related) | K12: T-016 measures bandwidth, not sustained max RPM. No direct 600 RPM test yet.
A13: R-12 | B13: Integratable | C13: Support either shaft or bolted plate outputs | D13: Shafts or bolted plates | E13: Soft | F13: 12 | G13: Demonstration | H13: Subsystem | I13: {=IF(G13<>"Test",IF(J13<>"","Pending Review","Not Verified"),IF(J13="","Not Verified",IF(SUMPRODUCT(ISNUMBER(SEARCH(A13,'Test Log'!E$2:E$20))*1)=0,"Not Verified",IF(SUMPRODUCT((ISNUMBER(SEARCH(A13,'Test Log'!E$2:E$20)))*('Test Log'!L$2:L$20="Fail"))>0,"Failed",IF(AND(SUMPRODUCT((ISNUMBER(SEARCH(A13,'Test Log'!E$2:E$20)))*('Test Log'!L$2:L$20="Pass"))>0,SUMPRODUCT((ISNUMBER(SEARCH(A13,'Test Log'!E$2:E$20)))*('Test Log'!L$2:L$20="Pass"))=SUMPRODUCT(ISNUMBER(SEARCH(A13,'Test Log'!E$2:E$20))*1)),"Verified",IF(SUMPRODUCT((ISNUMBER(SEARCH(A13,'Test Log'!E$2:E$20)))*('Test Log'!H$2:H$20="Complete"))>0,"Partial","Not Verified"))))))} -> Not Verified | K13: Design review / demo of integration options.
A14: R-13 | B14: Torque Density (volume) | C14: High torque output relative to actuator volume | D14: No specific target set | E14: Soft | F14: 13 | G14: Analysis | H14: Component | I14: {=IF(G14<>"Test",IF(J14<>"","Pending Review","Not Verified"),IF(J14="","Not Verified",IF(SUMPRODUCT(ISNUMBER(SEARCH(A14,'Test Log'!E$2:E$20))*1)=0,"Not Verified",IF(SUMPRODUCT((ISNUMBER(SEARCH(A14,'Test Log'!E$2:E$20)))*('Test Log'!L$2:L$20="Fail"))>0,"Failed",IF(AND(SUMPRODUCT((ISNUMBER(SEARCH(A14,'Test Log'!E$2:E$20)))*('Test Log'!L$2:L$20="Pass"))>0,SUMPRODUCT((ISNUMBER(SEARCH(A14,'Test Log'!E$2:E$20)))*('Test Log'!L$2:L$20="Pass"))=SUMPRODUCT(ISNUMBER(SEARCH(A14,'Test Log'!E$2:E$20))*1)),"Verified",IF(SUMPRODUCT((ISNUMBER(SEARCH(A14,'Test Log'!E$2:E$20)))*('Test Log'!H$2:H$20="Complete"))>0,"Partial","Not Verified"))))))} -> Not Verified | K14: Compare to commercial QDDs (e.g., CubeMars AK70-10).

Sheet Traceability Matrix
C1: Ph0 | D1: Ph0 | E1: Ph0 | F1: Ph0 | G1: Ph1 | H1: Ph1 | I1: Ph2 | J1: Ph2 | K1: Ph2 | L1: Ph3 | M1: Ph3 | N1: Ph4 | O1: Ph4 | P1: Ph4 | Q1: 00A | R1: 00A | S1: 00A | T1: 00A | U1: 00A
B2: Test Level | C2: Comp | D2: Comp | E2: Comp | F2: Comp | G2: Sys | H2: Sys | I2: Sys | J2: Sys | K2: Sys | L2: Sys | M2: Sys | N2: Sys | O2: Sys | P2: Sys | Q2: Intf | R2: Intf | S2: Comp | T2: Intf | U2: Intf
A3: Req ID | B3: Requirement | C3: T-009 Motor Kt | D3: T-010 Motor Cogging | E3: T-011 Motor Friction | F3: T-014 Motor Step Resp | G3: T-012 Backlash | H3: T-013 Hand Backdrive | I3: T-006 Friction Model | J3: T-007 Step Response | K3: T-008 Backdrive Torque | L3: T-015 Plant ID | M3: T-016 Bode Plot | N3: T-017 Virtual Spring | O3: T-018 Spring-Damper | P3: T-019 Variable Imped | Q3: T-001 Root Cause Mesh | R3: T-002 Lid Drag | S3: T-003 Shoulder Deform | T3: T-004 Carrier Index | U3: T-005 Bolt vs Drag | V3: Coverage
A4: R-01 | B4: Backlash | G4: P | Q4: S | T4: S | V4: =IF(COUNTIF(C4:U4,"P")>0,"Covered",IF(COUNTIF(C4:U4,"S")>0,"Partial",IF(INDEX(Requirements!G:G,MATCH(A4,Requirements!A:A,0))="Inspection","Via Inspection",IF(INDEX(Requirements!G:G,MATCH(A4,Requirements!A:A,0))="Demonstration","Via Demonstration",IF(INDEX(Requirements!G:G,MATCH(A4,Requirements!A:A,0))="Analysis","Via Analysis","Gap"))))) -> Covered
A5: R-02 | B5: Cost | V5: =IF(COUNTIF(C5:U5,"P")>0,"Covered",IF(COUNTIF(C5:U5,"S")>0,"Partial",IF(INDEX(Requirements!G:G,MATCH(A5,Requirements!A:A,0))="Inspection","Via Inspection",IF(INDEX(Requirements!G:G,MATCH(A5,Requirements!A:A,0))="Demonstration","Via Demonstration",IF(INDEX(Requirements!G:G,MATCH(A5,Requirements!A:A,0))="Analysis","Via Analysis","Gap"))))) -> Via Inspection
A6: R-03 | B6: DFM/DFA | V6: =IF(COUNTIF(C6:U6,"P")>0,"Covered",IF(COUNTIF(C6:U6,"S")>0,"Partial",IF(INDEX(Requirements!G:G,MATCH(A6,Requirements!A:A,0))="Inspection","Via Inspection",IF(INDEX(Requirements!G:G,MATCH(A6,Requirements!A:A,0))="Demonstration","Via Demonstration",IF(INDEX(Requirements!G:G,MATCH(A6,Requirements!A:A,0))="Analysis","Via Analysis","Gap"))))) -> Via Inspection
A7: R-04 | B7: Backdrivability | H7: P | I7: P | K7: P | Q7: S | R7: S | U7: S | V7: =IF(COUNTIF(C7:U7,"P")>0,"Covered",IF(COUNTIF(C7:U7,"S")>0,"Partial",IF(INDEX(Requirements!G:G,MATCH(A7,Requirements!A:A,0))="Inspection","Via Inspection",IF(INDEX(Requirements!G:G,MATCH(A7,Requirements!A:A,0))="Demonstration","Via Demonstration",IF(INDEX(Requirements!G:G,MATCH(A7,Requirements!A:A,0))="Analysis","Via Analysis","Gap"))))) -> Covered
A8: R-05 | B8: Durability | S8: S | U8: S | V8: =IF(COUNTIF(C8:U8,"P")>0,"Covered",IF(COUNTIF(C8:U8,"S")>0,"Partial",IF(INDEX(Requirements!G:G,MATCH(A8,Requirements!A:A,0))="Inspection","Via Inspection",IF(INDEX(Requirements!G:G,MATCH(A8,Requirements!A:A,0))="Demonstration","Via Demonstration",IF(INDEX(Requirements!G:G,MATCH(A8,Requirements!A:A,0))="Analysis","Via Analysis","Gap"))))) -> Partial
A9: R-06 | B9: Peak Torque | S9: S | U9: S | V9: =IF(COUNTIF(C9:U9,"P")>0,"Covered",IF(COUNTIF(C9:U9,"S")>0,"Partial",IF(INDEX(Requirements!G:G,MATCH(A9,Requirements!A:A,0))="Inspection","Via Inspection",IF(INDEX(Requirements!G:G,MATCH(A9,Requirements!A:A,0))="Demonstration","Via Demonstration",IF(INDEX(Requirements!G:G,MATCH(A9,Requirements!A:A,0))="Analysis","Via Analysis","Gap"))))) -> Partial
A10: R-07 | B10: Continuous Torque | V10: =IF(COUNTIF(C10:U10,"P")>0,"Covered",IF(COUNTIF(C10:U10,"S")>0,"Partial",IF(INDEX(Requirements!G:G,MATCH(A10,Requirements!A:A,0))="Inspection","Via Inspection",IF(INDEX(Requirements!G:G,MATCH(A10,Requirements!A:A,0))="Demonstration","Via Demonstration",IF(INDEX(Requirements!G:G,MATCH(A10,Requirements!A:A,0))="Analysis","Via Analysis","Gap"))))) -> Gap
A11: R-08 | B11: Thermal Performance | V11: =IF(COUNTIF(C11:U11,"P")>0,"Covered",IF(COUNTIF(C11:U11,"S")>0,"Partial",IF(INDEX(Requirements!G:G,MATCH(A11,Requirements!A:A,0))="Inspection","Via Inspection",IF(INDEX(Requirements!G:G,MATCH(A11,Requirements!A:A,0))="Demonstration","Via Demonstration",IF(INDEX(Requirements!G:G,MATCH(A11,Requirements!A:A,0))="Analysis","Via Analysis","Gap"))))) -> Gap
A12: R-09 | B12: Efficiency | E12: S | I12: S | V12: =IF(COUNTIF(C12:U12,"P")>0,"Covered",IF(COUNTIF(C12:U12,"S")>0,"Partial",IF(INDEX(Requirements!G:G,MATCH(A12,Requirements!A:A,0))="Inspection","Via Inspection",IF(INDEX(Requirements!G:G,MATCH(A12,Requirements!A:A,0))="Demonstration","Via Demonstration",IF(INDEX(Requirements!G:G,MATCH(A12,Requirements!A:A,0))="Analysis","Via Analysis","Gap"))))) -> Partial
A13: R-10 | B13: Weight | V13: =IF(COUNTIF(C13:U13,"P")>0,"Covered",IF(COUNTIF(C13:U13,"S")>0,"Partial",IF(INDEX(Requirements!G:G,MATCH(A13,Requirements!A:A,0))="Inspection","Via Inspection",IF(INDEX(Requirements!G:G,MATCH(A13,Requirements!A:A,0))="Demonstration","Via Demonstration",IF(INDEX(Requirements!G:G,MATCH(A13,Requirements!A:A,0))="Analysis","Via Analysis","Gap"))))) -> Via Inspection
A14: R-11 | B14: Speed | M14: S | V14: =IF(COUNTIF(C14:U14,"P")>0,"Covered",IF(COUNTIF(C14:U14,"S")>0,"Partial",IF(INDEX(Requirements!G:G,MATCH(A14,Requirements!A:A,0))="Inspection","Via Inspection",IF(INDEX(Requirements!G:G,MATCH(A14,Requirements!A:A,0))="Demonstration","Via Demonstration",IF(INDEX(Requirements!G:G,MATCH(A14,Requirements!A:A,0))="Analysis","Via Analysis","Gap"))))) -> Partial
A15: R-12 | B15: Integratable | V15: =IF(COUNTIF(C15:U15,"P")>0,"Covered",IF(COUNTIF(C15:U15,"S")>0,"Partial",IF(INDEX(Requirements!G:G,MATCH(A15,Requirements!A:A,0))="Inspection","Via Inspection",IF(INDEX(Requirements!G:G,MATCH(A15,Requirements!A:A,0))="Demonstration","Via Demonstration",IF(INDEX(Requirements!G:G,MATCH(A15,Requirements!A:A,0))="Analysis","Via Analysis","Gap"))))) -> Via Demonstration
A16: R-13 | B16: Torque Density (volume) | V16: =IF(COUNTIF(C16:U16,"P")>0,"Covered",IF(COUNTIF(C16:U16,"S")>0,"Partial",IF(INDEX(Requirements!G:G,MATCH(A16,Requirements!A:A,0))="Inspection","Via Inspection",IF(INDEX(Requirements!G:G,MATCH(A16,Requirements!A:A,0))="Demonstration","Via Demonstration",IF(INDEX(Requirements!G:G,MATCH(A16,Requirements!A:A,0))="Analysis","Via Analysis","Gap"))))) -> Via Analysis
B17: Traces To → | C17: Char. | D17: Char. | E17: R-09 | F17: Char. | G17: R-01 | H17: R-04 | I17: R-04, R-09 | J17: Char. | K17: R-04 | L17: Char. | M17: R-11 | N17: Char. | O17: Char. | P17: Char. | Q17: R-01, R-04 | R17: R-04 | S17: R-05, R-06 | T17: R-01 | U17: R-04, R-05, R-06
A19: Legend
A20: P | B20: Primary verification test
A21: S | B21: Secondary / supporting test
B22: No direct link
A23: Char. | B23: Characterization test (no specific req)
A25: Level Colors
A26: Comp | B26: Component-level test
A27: Intf | B27: Interface-level test
A28: Sys | B28: System-level test

Sheet Test Log
A1: Test ID | B1: Test Name | C1: Phase | D1: Test Level | E1: Traces To | F1: Procedure Reference | G1: Prerequisites | H1: Status | I1: Date Executed | J1: Result | K1: Acceptance Criteria | L1: Pass/Fail | M1: Notes / Actions | N1: Trace Valid?
A2: T-001 | B2: Root cause analysis — tight gear meshing | C2: Rev 00A | D2: Interface | E2: R-01, R-04 | F2: test-tracker.md T-001 | G2: Part dimensions | H2: Complete | I2: 2026-03-13 | J2: Herringbone alignment error identified | K2: Dimensions within printer tolerance | L2: Partial | M2: Root cause: herringbone misalignment. Action: spur gears for Rev 00B. Dimensional measurements still pending. | N2: {=IF(E2="—","N/A",IF(SUMPRODUCT((LEN(E2)-LEN(SUBSTITUTE(E2,Requirements!A$2:A$14,"")))/LEN(Requirements!A$2:A$14))=LEN(E2)-LEN(SUBSTITUTE(E2,",",""))+1,"✓","✗ Check IDs"))} -> ✓
A3: T-002 | B3: Lid drag — over-constraint on carrier | C3: Rev 00A | D3: Interface | E3: R-04, R-09 | F3: test-tracker.md T-002 | G3: None | H3: Complete | I3: 2026-03-13 | J3: Root cause identified — tolerance stackup | K3: Lid does not add parasitic drag | L3: Fail | M3: Lid double-duty causes stackup. Design change: decouple ring gear clamping from carrier constraint. | N3: {=IF(E3="—","N/A",IF(SUMPRODUCT((LEN(E3)-LEN(SUBSTITUTE(E3,Requirements!A$2:A$14,"")))/LEN(Requirements!A$2:A$14))=LEN(E3)-LEN(SUBSTITUTE(E3,",",""))+1,"✓","✗ Check IDs"))} -> ✓
A4: T-003 | B4: Carrier bearing shoulder deformation | C4: Rev 00A | D4: Component | E4: R-05, R-06 | F4: test-tracker.md T-003 | G4: None | H4: Complete | I4: 2026-03-13 | J4: Print quality issue on top carrier shoulders | K4: Shoulder change < 0.1 mm, no cracking | L4: Inconclusive | M4: Bottom shoulders good. Top shoulders have print artifacts (orientation trade-off). No dimensional measurement yet. | N4: {=IF(E4="—","N/A",IF(SUMPRODUCT((LEN(E4)-LEN(SUBSTITUTE(E4,Requirements!A$2:A$14,"")))/LEN(Requirements!A$2:A$14))=LEN(E4)-LEN(SUBSTITUTE(E4,",",""))+1,"✓","✗ Check IDs"))} -> ✓
A5: T-004 | B5: Carrier half indexing — clocking under load | C5: Rev 00A | D5: Interface | E5: R-01 | F5: test-tracker.md T-004 | G5: T-003 | H5: Complete | I5: 2026-03-13 | J5: ~0.5 mm play exists but no operational driving force | K5: No visible relative motion under hand torsion | L5: Pass | M5: Load path analysis: both halves driven by same pins. Clocking not a realistic failure mode. | N5: {=IF(E5="—","N/A",IF(SUMPRODUCT((LEN(E5)-LEN(SUBSTITUTE(E5,Requirements!A$2:A$14,"")))/LEN(Requirements!A$2:A$14))=LEN(E5)-LEN(SUBSTITUTE(E5,",",""))+1,"✓","✗ Check IDs"))} -> ✓
A6: T-005 | B6: Carrier bolt torque vs planet resistance | C6: Rev 00A | D6: Interface | E6: R-04, R-05 | F6: test-tracker.md T-005 | G6: None | H6: Complete | I6: 2026-03-13 | J6: Narrow window between carrier play and planet binding | K6: Planets spin freely across bolt torque range | L6: Fail | M6: Shoulders sensitive to clamping force. 1.1 Nm → drag. Backed off → free. Rev 00B shoulder redesign needed. | N6: {=IF(E6="—","N/A",IF(SUMPRODUCT((LEN(E6)-LEN(SUBSTITUTE(E6,Requirements!A$2:A$14,"")))/LEN(Requirements!A$2:A$14))=LEN(E6)-LEN(SUBSTITUTE(E6,",",""))+1,"✓","✗ Check IDs"))} -> ✓
A7: T-006 | B7: Friction characterization — Coulomb + viscous | C7: Phase 2 | D7: System | E7: R-04, R-09 | F7: test-campaign-rev00b.md Phase 2 | G7: Motor + encoder + ODrive, gearbox assembled | H7: Not Started | K7: Reflected friction torque < 1 Nm; linear friction model | M7: Motor torque current at constant velocities. Subtract T-011 baseline for gearbox-only friction. | N7: {=IF(E7="—","N/A",IF(SUMPRODUCT((LEN(E7)-LEN(SUBSTITUTE(E7,Requirements!A$2:A$14,"")))/LEN(Requirements!A$2:A$14))=LEN(E7)-LEN(SUBSTITUTE(E7,",",""))+1,"✓","✗ Check IDs"))} -> ✓
A8: T-007 | B8: Step response — system dynamics | C8: Phase 2 | D8: System | E8: — | F8: test-campaign-rev00b.md Phase 2 | G8: Motor + encoder + ODrive, gearbox assembled | H8: Not Started | K8: System settles, overshoot < 10%, SSE < 0.5° | M8: Characterization test. Compare to T-014 motor-only baseline. | N8: {=IF(E8="—","N/A",IF(SUMPRODUCT((LEN(E8)-LEN(SUBSTITUTE(E8,Requirements!A$2:A$14,"")))/LEN(Requirements!A$2:A$14))=LEN(E8)-LEN(SUBSTITUTE(E8,",",""))+1,"✓","✗ Check IDs"))} -> N/A
A9: T-008 | B9: Backdriving torque — passive resistance | C9: Phase 2 | D9: System | E9: R-04 | F9: test-campaign-rev00b.md Phase 2 | G9: Motor + encoder + ODrive, gearbox assembled | H9: Not Started | K9: Backdriving torque < 1 Nm at output | M9: Quantitative version of T-013. Motor in idle, turn output by hand. | N9: {=IF(E9="—","N/A",IF(SUMPRODUCT((LEN(E9)-LEN(SUBSTITUTE(E9,Requirements!A$2:A$14,"")))/LEN(Requirements!A$2:A$14))=LEN(E9)-LEN(SUBSTITUTE(E9,",",""))+1,"✓","✗ Check IDs"))} -> ✓
A10: T-009 | B10: Motor Kt verification (baseline) | C10: Phase 0 | D10: Component | E10: — | F10: test-campaign-rev00b.md Phase 0 | G10: ODrive + motor + encoder configured | H10: Not Started | K10: No-load Iq < 1A at 2 rev/s | M10: Baseline sanity check. Every downstream torque calc depends on Kt. | N10: {=IF(E10="—","N/A",IF(SUMPRODUCT((LEN(E10)-LEN(SUBSTITUTE(E10,Requirements!A$2:A$14,"")))/LEN(Requirements!A$2:A$14))=LEN(E10)-LEN(SUBSTITUTE(E10,",",""))+1,"✓","✗ Check IDs"))} -> N/A
A11: T-010 | B11: Motor cogging & friction profile | C11: Phase 0 | D11: Component | E11: — | F11: test-campaign-rev00b.md Phase 0 | G11: T-009 pass | H11: Not Started | K11: Periodic cogging, roughly symmetric CW/CCW | M11: Motor-only baseline. Needed to isolate gearbox effects in T-006. | N11: {=IF(E11="—","N/A",IF(SUMPRODUCT((LEN(E11)-LEN(SUBSTITUTE(E11,Requirements!A$2:A$14,"")))/LEN(Requirements!A$2:A$14))=LEN(E11)-LEN(SUBSTITUTE(E11,",",""))+1,"✓","✗ Check IDs"))} -> N/A
A12: T-011 | B12: Motor friction vs speed — no load | C12: Phase 0 | D12: Component | E12: — | F12: test-campaign-rev00b.md Phase 0 | G12: T-009 pass | H12: Not Started | K12: Roughly linear friction vs speed | M12: Motor-only Coulomb + viscous model. Baseline for T-006 subtraction. | N12: {=IF(E12="—","N/A",IF(SUMPRODUCT((LEN(E12)-LEN(SUBSTITUTE(E12,Requirements!A$2:A$14,"")))/LEN(Requirements!A$2:A$14))=LEN(E12)-LEN(SUBSTITUTE(E12,",",""))+1,"✓","✗ Check IDs"))} -> N/A
A13: T-012 | B13: Output shaft backlash measurement | C13: Phase 1 | D13: System | E13: R-01 | F13: test-campaign-rev00b.md Phase 1 | G13: Gearbox assembled, motor shaft locked | H13: Not Started | K13: Backlash ≤ 0.5° (R-01 hard req) | M13: Dial indicator + lever arm at 4+ positions around one revolution. | N13: {=IF(E13="—","N/A",IF(SUMPRODUCT((LEN(E13)-LEN(SUBSTITUTE(E13,Requirements!A$2:A$14,"")))/LEN(Requirements!A$2:A$14))=LEN(E13)-LEN(SUBSTITUTE(E13,",",""))+1,"✓","✗ Check IDs"))} -> ✓
A14: T-013 | B14: Hand backdriving — qualitative + rough torque | C14: Phase 1 | D14: System | E14: R-04 | F14: test-campaign-rev00b.md Phase 1 | G14: Gearbox assembled | H14: Not Started | K14: Backdriving torque < 1 Nm (R-04) | M14: Kitchen scale + 200 mm lever arm. Quick check before powered T-008. | N14: {=IF(E14="—","N/A",IF(SUMPRODUCT((LEN(E14)-LEN(SUBSTITUTE(E14,Requirements!A$2:A$14,"")))/LEN(Requirements!A$2:A$14))=LEN(E14)-LEN(SUBSTITUTE(E14,",",""))+1,"✓","✗ Check IDs"))} -> ✓
A15: T-014 | B15: Motor step response (baseline) | C15: Phase 0 | D15: Component | E15: — | F15: test-campaign-rev00b.md Phase 0 | G15: T-009 pass | H15: Not Started | K15: Clean second-order response, consistent across 3–5 reps | M15: Motor-only baseline for T-007 comparison. Extract tr, OS%, ts, SSE. | N15: {=IF(E15="—","N/A",IF(SUMPRODUCT((LEN(E15)-LEN(SUBSTITUTE(E15,Requirements!A$2:A$14,"")))/LEN(Requirements!A$2:A$14))=LEN(E15)-LEN(SUBSTITUTE(E15,",",""))+1,"✓","✗ Check IDs"))} -> N/A
A16: T-015 | B16: Plant identification from step response data | C16: Phase 3 | D16: System | E16: — | F16: test-campaign-rev00b.md Phase 3 | G16: T-014, T-007 complete | H16: Not Started | K16: Model matches measured step response within 10% | M16: Fit G(s) = 1/(Js² + bs). Use torque mode for open-loop plant ID. | N16: {=IF(E16="—","N/A",IF(SUMPRODUCT((LEN(E16)-LEN(SUBSTITUTE(E16,Requirements!A$2:A$14,"")))/LEN(Requirements!A$2:A$14))=LEN(E16)-LEN(SUBSTITUTE(E16,",",""))+1,"✓","✗ Check IDs"))} -> N/A
A17: T-016 | B17: Frequency response — Bode plot | C17: Phase 3 | D17: System | E17: — | F17: test-campaign-rev00b.md Phase 3 | G17: T-015 (for validation) | H17: Not Started | K17: Measured Bode matches predicted from T-015 | M17: Chirp or discrete sine dwell. Motor alone AND motor+gearbox overlay. | N17: {=IF(E17="—","N/A",IF(SUMPRODUCT((LEN(E17)-LEN(SUBSTITUTE(E17,Requirements!A$2:A$14,"")))/LEN(Requirements!A$2:A$14))=LEN(E17)-LEN(SUBSTITUTE(E17,",",""))+1,"✓","✗ Check IDs"))} -> N/A
A18: T-017 | B18: Impedance control — virtual spring | C18: Phase 4 | D18: System | E18: — | F18: test-campaign-rev00b.md Phase 4 | G18: T-015 (plant model for tuning) | H18: Not Started | K18: Linear force-displacement, smooth feel, returns to setpoint | M18: Tier A: use ODrive internal PID as spring-damper. Start here. | N18: {=IF(E18="—","N/A",IF(SUMPRODUCT((LEN(E18)-LEN(SUBSTITUTE(E18,Requirements!A$2:A$14,"")))/LEN(Requirements!A$2:A$14))=LEN(E18)-LEN(SUBSTITUTE(E18,",",""))+1,"✓","✗ Check IDs"))} -> N/A
... A20: T-019 | B20: Variable impedance demo (stretch goal) | C20: Phase 4 | D20: System | E20: — | F20: test-campaign-rev00b.md Phase 4 | G20: T-018 | H20: Not Started | K20: Smooth real-time parameter adjustment, no instability | M20: Tkinter GUI with K/B sliders. Portfolio hero content. | N20: {=IF(E20="—","N/A",IF(SUMPRODUCT((LEN(E20)-LEN(SUBSTITUTE(E20,Requirements!A$2:A$14,"")))/LEN(Requirements!A$2:A$14))=LEN(E20)-LEN(SUBSTITUTE(E20,",",""))+1,"✓","✗ Check IDs"))} -> N/A

Sheet Unknowns Register
A1: Unknown ID | B1: Description | C1: Category | D1: Priority | E1: Status | F1: Linked Tests | G1: Resolution | H1: Date Resolved
A2: U-01 | B2: Planet positioning & mesh clearance — geometry vs. assembly? | C2: Assembly/fit | D2: Test first | E2: Postponed → Rev 00B | F2: T-001 | G2: Herringbone misalignment identified as root cause. Switched to spur gears.
A3: U-02 | B3: (Merged into U-01) | C3: — | D3: — | E3: Merged
A4: U-03 | B4: Lid causing drag — over-constraint on carrier? | C4: Assembly/fit | D4: Test first | E4: Root cause identified | F4: T-002 | G4: Tolerance stackup across carrier assembly causes lid to press on carrier top. Redesign for Rev 00B. | H4: 2026-03-13
A5: U-04 | B5: Carrier bearing shoulder deformation under bolt torque | C5: Structural | D5: Test first | E5: Confirmed | F5: T-003, T-005 | G5: Shoulders sensitive to torque. Print quality issue on top carrier. Rev 00B redesign. | H5: 2026-03-13
A6: U-05 | B6: Carrier halves need indexing? | C6: Assembly/fit | D6: Monitor/skip | E6: Resolved | F6: T-004 | G6: No operational clocking load — both halves driven by same pins. | H6: 2026-03-13
A7: U-06 | B7: Gearbox structural capacity (handles motor torque × 5:1?) | C7: Structural | D7: After fundamentals | E7: Not Started
A8: U-07 | B8: Output shaft strength — self-tap holding, diameter adequate | C8: Structural | D8: Verify early | E8: Known Issue | G8: Known undersized → enlarged in Rev 00B design.
A9: U-08 | B9: Backlash — quantified | C9: Performance | D9: After fundamentals | E9: Not Started | F9: T-012
A10: U-09 | B10: Backdrivability — quantified | C10: Performance | D10: After fundamentals | E10: Not Started | F10: T-013, T-006, T-008
A11: U-10 | B11: Durability under sustained use | C11: Degradation | D11: After fundamentals | E11: Not Started

Sheet Health Log
A1: Date | B1: Session # | C1: Backlash (°) | D1: Friction Torque (Nm) | E1: Ambient Temp (°C) | F1: Visual Condition | G1: Cumulative Runtime (min) | H1: Notes
B2: 1 | G2: 0 | H2: Initial baseline — record before first powered test
B3: =IF(A3<>"",B2+1,"")
B4: =IF(A4<>"",B3+1,"")
B5: =IF(A5<>"",B4+1,"")
B6: =IF(A6<>"",B5+1,"")
B7: =IF(A7<>"",B6+1,"")
B8: =IF(A8<>"",B7+1,"")
B9: =IF(A9<>"",B8+1,"")
B10: =IF(A10<>"",B9+1,"")
B11: =IF(A11<>"",B10+1,"")
B12: =IF(A12<>"",B11+1,"")
B13: =IF(A13<>"",B12+1,"")
B14: =IF(A14<>"",B13+1,"")
... B50: =IF(A50<>"",B49+1,"")

Sheet Change Log
A1: # | B1: Change | C1: Sheet(s) Affected | D1: Details
A2: 1 | B2: Data validation dropdowns added | C2: Requirements, Test Log, Unknowns Register | D2: Dropdowns on: Test Status (G), Pass/Fail (K), Req Type (E), Verification Method (G), Req Status (H), Unknown Status (E), Unknown Priority (D). Prevents typos, enforces consistent values.
A3: 2 | B3: Coverage column auto-derived via formula | C3: Traceability Matrix | D3: V3:V15 now uses COUNTIF to detect P/S entries + MATCH to Requirements verification method. Conditional formatting: green=Covered, yellow=Partial, blue=Via Inspection/Demo/Analysis, red=Gap.
A4: 3 | B4: Requirements Status auto-derived from Test Log | C4: Requirements | D4: H2:H14 formulas use SUMPRODUCT+SEARCH to look up linked test results. Statuses: Verified, Failed, Partial, Pending Review, Not Verified. Conditional formatting applied.
A5: 4 | B5: Dashboard summary sheet created | C5: Dashboard (new) | D5: Formula-driven summary: Requirements status counts, Test campaign progress, Traceability coverage counts + gap Req IDs, Unknowns resolution status. All auto-update.
A6: 5 | B6: Cross-reference validation column added | C6: Test Log | D6: Column M 'Trace Valid?' checks that Req IDs in 'Traces To' (col D) exist in Requirements!A:A. Shows ✓, ✗ Check IDs, or N/A for characterization tests.
A7: 6 | B7: Color legend added to Traceability Matrix | C7: Traceability Matrix | D7: Legend in A18:B22 documents P (blue, primary), S (green, secondary), blank (no link), Char. (characterization).
A8: 7 | B8: Health Log template improved | C8: Health Log | D8: Visual Condition dropdown added (Good → Needs repair). Session # auto-increments when Date is entered (B3:B50 formula). Placeholder styling cleaned up.
A9: 8 | B9: Test level hierarchy added | C9: Test Log, Requirements, Dashboard, Traceability Matrix | D9: Test Log col D: Test Level (Component/Interface/Subsystem/System) with dropdown validation. Requirements col H: Verification Level with same dropdown. Dashboard: new 'Test Level Breakdown' section with COUNTIF/COUNTIFS formulas showing total & complete counts per level. Traceability Matrix: new row 2 with color-coded level labels (green=Component, gold=Interface, purple=System) + legend added.
